{"stats":{"minecraft:killed_by":{"minecraft:zombie":1,"minecraft:skeleton":2},"minecraft:picked_up":{"minecraft:rotten_flesh":2},"minecraft:custom":{"minecraft:jump":8,"minecraft:time_since_rest":234,"minecraft:damage_dealt":78,"minecraft:deaths":3,"minecraft:play_time":4210,"minecraft:damage_taken":775,"minecraft:time_since_death":0,"minecraft:walk_one_cm":6814,"minecraft:total_world_time":4210,"minecraft:fall_one_cm":905,"minecraft:fly_one_cm":369},"minecraft:mined":{"minecraft:fern":1}},"DataVersion":3465}