{"stats":{"minecraft:broken":{"minecraft:stone_axe":1,"minecraft:wooden_axe":1},"minecraft:crafted":{"minecraft:wooden_sword":1,"minecraft:crafting_table":2,"minecraft:baked_potato":23,"minecraft:spruce_planks":28,"minecraft:wooden_pickaxe":1,"minecraft:stone_axe":5,"minecraft:spruce_wood":3,"minecraft:stick":8,"minecraft:stone_pickaxe":1,"minecraft:wooden_axe":3,"minecraft:stone_sword":1},"minecraft:custom":{"minecraft:interact_with_furnace":2,"minecraft:mob_kills":10,"minecraft:interact_with_crafting_table":5,"minecraft:tune_noteblock":2,"minecraft:open_barrel":2,"minecraft:bell_ring":25,"minecraft:leave_game":1,"minecraft:time_since_death":27449,"minecraft:sleep_in_bed":3,"minecraft:climb_one_cm":1735,"minecraft:time_since_rest":10901,"minecraft:damage_taken":2345,"minecraft:sprint_one_cm":96141,"minecraft:walk_one_cm":348061,"minecraft:drop":73,"minecraft:damage_dealt":2150,"minecraft:play_noteblock":2,"minecraft:swim_one_cm":2398,"minecraft:talked_to_villager":2,"minecraft:fly_one_cm":43500,"minecraft:player_kills":1,"minecraft:open_chest":18,"minecraft:crouch_one_cm":230,"minecraft:play_time":88384,"minecraft:deaths":7,"minecraft:sneak_time":344,"minecraft:walk_under_water_one_cm":4683,"minecraft:jump":722,"minecraft:walk_on_water_one_cm":11835,"minecraft:total_world_time":88384,"minecraft:fall_one_cm":11202},"minecraft:killed":{"minecraft:pig":1,"minecraft:sheep":1,"minecraft:zombie":4,"minecraft:cow":2},"minecraft:picked_up":{"minecraft:birch_log":45,"minecraft:lime_bed":1,"minecraft:cooked_beef":14,"minecraft:leather":3,"quark:hollow_oak_log":4,"minecraft:wooden_pickaxe":1,"minecraft:potato":8,"minecraft:crimson_fungus":1,"quark:music_disc_rain":1,"minecraft:oak_log":185,"minecraft:moss_carpet":6,"farmersdelight:flint_knife":1,"minecraft:dirt":13,"minecraft:mangrove_slab":1,"minecraft:string":15,"minecraft:red_bed":1,"minecraft:item_frame":2,"minecraft:bone":25,"minecraft:beetroot":2,"minecraft:apple":13,"farmersdelight:straw":3,"minecraft:beef":5,"minecraft:cooked_chicken":1,"minecraft:player_head":1,"minecraft:spruce_slab":2,"minecraft:birch_sapling":12,"minecraft:oak_planks":4,"minecraft:egg":1,"minecraft:book":12,"minecraft:stick":67,"minecraft:pumpkin":46,"minecraft:sweet_berries":2,"minecraft:oak_fence":2,"minecraft:spruce_stairs":1,"minecraft:note_block":1,"minecraft:porkchop":3,"minecraft:spruce_sapling":6,"minecraft:cookie":1,"minecraft:mangrove_sign":1,"minecraft:spruce_log":73,"minecraft:cyan_bed":4,"minecraft:spider_eye":2,"easy_villagers:villager":2,"minecraft:arrow":2,"minecraft:rotten_flesh":1,"minecraft:stone_axe":1,"minecraft:beetroot_seeds":5,"minecraft:hay_block":3,"minecraft:bread":12,"minecraft:baked_potato":3,"minecraft:oak_sapling":19,"minecraft:mutton":2,"minecraft:white_wool":2,"minecraft:cobblestone":47},"minecraft:used":{"minecraft:beetroot":1,"minecraft:stone_sword":19,"minecraft:stone_pickaxe":7,"minecraft:baked_potato":4,"minecraft:wooden_pickaxe":11,"minecraft:player_head":1,"minecraft:dirt":2,"farmersdelight:flint_knife":30,"minecraft:crafting_table":2,"minecraft:wooden_axe":136,"easy_villagers:villager":2,"minecraft:cyan_bed":3,"minecraft:stone_axe":238,"minecraft:item_frame":2,"minecraft:wooden_sword":39},"minecraft:dropped":{"minecraft:bread":12,"minecraft:moss_carpet":6,"minecraft:stone_axe":1,"minecraft:sweet_berries":2,"minecraft:birch_sapling":12,"minecraft:dirt":10,"minecraft:red_bed":1,"minecraft:oak_sapling":18,"easy_villagers:villager":3,"minecraft:arrow":2,"minecraft:spruce_sapling":6},"minecraft:killed_by":{"minecraft:player":1,"minecraft:skeleton":3,"minecraft:zombie":2,"iceandfire:fire_dragon":1},"minecraft:mined":{"minecraft:glass_pane":1,"minecraft:potted_crimson_fungus":1,"minecraft:oak_fence":1,"minecraft:note_block":1,"minecraft:grass_block":3,"minecraft:sculk_sensor":1,"minecraft:tall_grass":1,"minecraft:spruce_leaves":2,"minecraft:cyan_bed":3,"minecraft:oak_planks":3,"minecraft:lime_bed":1,"minecraft:birch_log":45,"minecraft:sweet_berry_bush":1,"minecraft:spruce_log":76,"minecraft:pumpkin":46,"minecraft:grass":19,"minecraft:bookshelf":3,"minecraft:oak_log":148,"minecraft:beetroots":3,"minecraft:dirt":8,"quark:hollow_oak_log":4,"minecraft:cobweb":5,"minecraft:player_head":1,"minecraft:cake":1,"minecraft:oak_leaves":10,"minecraft:fern":2}},"DataVersion":3465}