{"stats":{"minecraft:broken":{"minecraft:wooden_axe":1},"minecraft:killed_by":{"minecraft:zombie":1,"iceandfire:fire_dragon":1},"minecraft:crafted":{"minecraft:wooden_sword":1,"minecraft:crafting_table":2,"minecraft:spruce_planks":28,"minecraft:wooden_pickaxe":1,"minecraft:spruce_wood":3,"minecraft:stick":8,"minecraft:wooden_axe":3},"minecraft:picked_up":{"minecraft:birch_log":26,"minecraft:lime_bed":1,"minecraft:wooden_pickaxe":1,"minecraft:crimson_fungus":1,"minecraft:oak_log":44,"farmersdelight:flint_knife":1,"minecraft:mangrove_slab":1,"minecraft:dirt":3,"minecraft:item_frame":2,"minecraft:bone":2,"minecraft:beetroot":2,"minecraft:beef":2,"farmersdelight:straw":1,"minecraft:cooked_chicken":1,"minecraft:player_head":1,"minecraft:spruce_slab":2,"minecraft:birch_sapling":5,"minecraft:egg":1,"minecraft:book":12,"minecraft:stick":21,"minecraft:sweet_berries":2,"minecraft:oak_fence":2,"minecraft:spruce_stairs":1,"minecraft:note_block":1,"minecraft:porkchop":3,"minecraft:spruce_sapling":6,"minecraft:cookie":1,"minecraft:mangrove_sign":1,"minecraft:cyan_bed":4,"minecraft:spruce_log":73,"easy_villagers:villager":1,"minecraft:rotten_flesh":1,"minecraft:arrow":2,"minecraft:beetroot_seeds":5,"minecraft:hay_block":3,"minecraft:oak_sapling":2,"minecraft:mutton":2,"minecraft:white_wool":2},"minecraft:dropped":{"minecraft:sweet_berries":2,"minecraft:birch_sapling":5,"minecraft:dirt":2,"minecraft:oak_sapling":2,"easy_villagers:villager":3,"minecraft:arrow":2,"minecraft:spruce_sapling":6},"minecraft:custom":{"minecraft:mob_kills":7,"minecraft:interact_with_crafting_table":3,"minecraft:tune_noteblock":2,"minecraft:bell_ring":25,"minecraft:time_since_death":284,"minecraft:sleep_in_bed":2,"minecraft:climb_one_cm":1735,"minecraft:time_since_rest":345,"minecraft:walk_one_cm":183131,"minecraft:sprint_one_cm":27091,"minecraft:damage_taken":775,"minecraft:drop":22,"minecraft:damage_dealt":1462,"minecraft:play_noteblock":2,"minecraft:swim_one_cm":1273,"minecraft:talked_to_villager":2,"minecraft:fly_one_cm":9541,"minecraft:open_chest":9,"minecraft:crouch_one_cm":188,"minecraft:play_time":52985,"minecraft:deaths":2,"minecraft:sneak_time":332,"minecraft:walk_under_water_one_cm":4562,"minecraft:jump":432,"minecraft:walk_on_water_one_cm":8023,"minecraft:total_world_time":52985,"minecraft:fall_one_cm":6899},"minecraft:used":{"minecraft:beetroot":1,"minecraft:wooden_pickaxe":11,"minecraft:player_head":1,"farmersdelight:flint_knife":30,"minecraft:crafting_table":2,"minecraft:wooden_axe":136,"easy_villagers:villager":2,"minecraft:cyan_bed":3,"minecraft:item_frame":2,"minecraft:wooden_sword":39},"minecraft:killed":{"minecraft:pig":1,"minecraft:sheep":1,"minecraft:zombie":4},"minecraft:mined":{"minecraft:glass_pane":1,"minecraft:potted_crimson_fungus":1,"minecraft:oak_fence":1,"minecraft:note_block":1,"minecraft:grass_block":1,"minecraft:sculk_sensor":1,"minecraft:tall_grass":1,"minecraft:spruce_leaves":2,"minecraft:cyan_bed":3,"minecraft:lime_bed":1,"minecraft:birch_log":26,"minecraft:sweet_berry_bush":1,"minecraft:spruce_log":76,"minecraft:bookshelf":3,"minecraft:oak_log":22,"minecraft:beetroots":3,"minecraft:dirt":1,"minecraft:player_head":1,"minecraft:cake":1,"minecraft:oak_leaves":2,"minecraft:fern":2}},"DataVersion":3465}