{"stats":{"minecraft:picked_up":{"minecraft:spruce_log":8,"minecraft:dirt":1},"minecraft:crafted":{"minecraft:crafting_table":1,"minecraft:spruce_wood":3,"minecraft:spruce_planks":16},"minecraft:dropped":{"minecraft:dirt":1},"minecraft:custom":{"minecraft:jump":41,"minecraft:time_since_rest":4985,"minecraft:sprint_one_cm":1738,"minecraft:damage_dealt":178,"minecraft:walk_on_water_one_cm":1198,"minecraft:play_time":4985,"minecraft:damage_taken":180,"minecraft:time_since_death":4985,"minecraft:walk_one_cm":12692,"minecraft:total_world_time":4985,"minecraft:walk_under_water_one_cm":4528,"minecraft:drop":1,"minecraft:fall_one_cm":868,"minecraft:fly_one_cm":1342},"minecraft:mined":{"minecraft:spruce_log":9,"minecraft:grass_block":1,"minecraft:fern":1}},"DataVersion":3465}