{"stats":{"minecraft:broken":{"minecraft:wooden_axe":1},"minecraft:crafted":{"minecraft:wooden_sword":1,"minecraft:spruce_wood":3,"minecraft:crafting_table":2,"minecraft:spruce_planks":28,"minecraft:stick":8,"minecraft:wooden_pickaxe":1,"minecraft:wooden_axe":3},"minecraft:picked_up":{"minecraft:birch_log":26,"minecraft:lime_bed":1,"minecraft:stick":11,"minecraft:sweet_berries":2,"minecraft:spruce_stairs":1,"minecraft:note_block":1,"minecraft:porkchop":3,"minecraft:crimson_fungus":1,"minecraft:oak_log":22,"minecraft:cookie":1,"minecraft:spruce_sapling":6,"minecraft:mangrove_sign":1,"minecraft:spruce_log":73,"minecraft:cyan_bed":4,"minecraft:mangrove_slab":1,"minecraft:dirt":1,"easy_villagers:villager":1,"minecraft:item_frame":2,"minecraft:cooked_chicken":1,"minecraft:player_head":1,"minecraft:spruce_slab":1,"minecraft:oak_sapling":2,"minecraft:birch_sapling":5,"minecraft:mutton":2,"minecraft:white_wool":1},"minecraft:dropped":{"minecraft:dirt":1,"minecraft:sweet_berries":2,"minecraft:birch_sapling":5,"minecraft:oak_sapling":2,"easy_villagers:villager":3,"minecraft:spruce_sapling":6},"minecraft:custom":{"minecraft:time_since_rest":6309,"minecraft:sprint_one_cm":3101,"minecraft:damage_taken":295,"minecraft:walk_one_cm":124389,"minecraft:mob_kills":6,"minecraft:drop":19,"minecraft:damage_dealt":1174,"minecraft:play_noteblock":2,"minecraft:talked_to_villager":2,"minecraft:tune_noteblock":2,"minecraft:interact_with_crafting_table":3,"minecraft:swim_one_cm":1273,"minecraft:fly_one_cm":2709,"minecraft:open_chest":1,"minecraft:crouch_one_cm":119,"minecraft:play_time":40985,"minecraft:bell_ring":25,"minecraft:sneak_time":324,"minecraft:walk_under_water_one_cm":4562,"minecraft:jump":301,"minecraft:walk_on_water_one_cm":7986,"minecraft:time_since_death":40985,"minecraft:sleep_in_bed":2,"minecraft:total_world_time":40985,"minecraft:climb_one_cm":675,"minecraft:fall_one_cm":5060},"minecraft:used":{"minecraft:wooden_axe":136,"easy_villagers:villager":2,"minecraft:cyan_bed":3,"minecraft:player_head":1,"minecraft:item_frame":2,"minecraft:wooden_sword":39,"minecraft:crafting_table":2},"minecraft:killed":{"minecraft:sheep":1,"minecraft:zombie":4,"minecraft:pig":1},"minecraft:mined":{"minecraft:lime_bed":1,"minecraft:birch_log":26,"minecraft:sweet_berry_bush":1,"minecraft:spruce_log":76,"minecraft:potted_crimson_fungus":1,"minecraft:note_block":1,"minecraft:grass_block":1,"minecraft:oak_log":22,"minecraft:spruce_leaves":2,"minecraft:cyan_bed":3,"minecraft:oak_leaves":2,"minecraft:player_head":1,"minecraft:cake":1,"minecraft:fern":2}},"DataVersion":3465}