{"stats":{"minecraft:broken":{"minecraft:wooden_axe":1},"minecraft:crafted":{"minecraft:wooden_sword":1,"minecraft:spruce_wood":3,"minecraft:crafting_table":2,"minecraft:spruce_planks":28,"minecraft:stick":8,"minecraft:wooden_pickaxe":1,"minecraft:wooden_axe":3},"minecraft:picked_up":{"minecraft:stick":4,"minecraft:sweet_berries":2,"minecraft:spruce_stairs":1,"minecraft:note_block":1,"minecraft:porkchop":3,"minecraft:crimson_fungus":1,"minecraft:cookie":1,"minecraft:spruce_sapling":6,"minecraft:mangrove_sign":1,"minecraft:spruce_log":73,"minecraft:cyan_bed":2,"minecraft:mangrove_slab":1,"minecraft:dirt":1,"easy_villagers:villager":1,"minecraft:item_frame":2,"minecraft:cooked_chicken":1,"minecraft:player_head":1,"minecraft:spruce_slab":1,"minecraft:mutton":2,"minecraft:white_wool":1},"minecraft:dropped":{"minecraft:dirt":1,"minecraft:sweet_berries":2,"minecraft:spruce_sapling":6},"minecraft:custom":{"minecraft:time_since_rest":8424,"minecraft:sprint_one_cm":2981,"minecraft:damage_taken":215,"minecraft:walk_one_cm":73244,"minecraft:mob_kills":6,"minecraft:drop":9,"minecraft:damage_dealt":1164,"minecraft:play_noteblock":2,"minecraft:tune_noteblock":2,"minecraft:interact_with_crafting_table":3,"minecraft:swim_one_cm":1273,"minecraft:fly_one_cm":2559,"minecraft:crouch_one_cm":69,"minecraft:play_time":28985,"minecraft:sneak_time":160,"minecraft:walk_under_water_one_cm":4562,"minecraft:jump":193,"minecraft:walk_on_water_one_cm":7986,"minecraft:time_since_death":28985,"minecraft:sleep_in_bed":1,"minecraft:total_world_time":28985,"minecraft:climb_one_cm":675,"minecraft:fall_one_cm":2573},"minecraft:used":{"minecraft:wooden_axe":78,"easy_villagers:villager":2,"minecraft:cyan_bed":1,"minecraft:player_head":1,"minecraft:item_frame":2,"minecraft:wooden_sword":39,"minecraft:crafting_table":2},"minecraft:killed":{"minecraft:sheep":1,"minecraft:zombie":4,"minecraft:pig":1},"minecraft:mined":{"minecraft:sweet_berry_bush":1,"minecraft:spruce_log":76,"minecraft:potted_crimson_fungus":1,"minecraft:note_block":1,"minecraft:grass_block":1,"minecraft:spruce_leaves":2,"minecraft:cyan_bed":1,"minecraft:player_head":1,"minecraft:cake":1,"minecraft:fern":2}},"DataVersion":3465}