{"stats":{"minecraft:killed_by":{"minecraft:skeleton":2,"minecraft:zombie":1},"minecraft:crafted":{"minecraft:crafting_table":1,"minecraft:stick":4,"minecraft:wooden_axe":1},"minecraft:picked_up":{"minecraft:rotten_flesh":2,"minecraft:spruce_stairs":1,"minecraft:spruce_planks":2,"minecraft:spruce_fence":1,"minecraft:iron_ingot":1,"minecraft:porkchop":1,"minecraft:spruce_slab":1,"minecraft:sugar_cane":1,"minecraft:oak_planks":7},"minecraft:custom":{"minecraft:time_since_rest":12234,"minecraft:crouch_one_cm":202,"minecraft:play_time":16210,"minecraft:sprint_one_cm":12985,"minecraft:walk_one_cm":31065,"minecraft:damage_taken":935,"minecraft:deaths":3,"minecraft:sneak_time":26,"minecraft:walk_under_water_one_cm":734,"minecraft:mob_kills":1,"minecraft:jump":118,"minecraft:damage_dealt":178,"minecraft:time_since_death":11945,"minecraft:walk_on_water_one_cm":2966,"minecraft:total_world_time":16210,"minecraft:interact_with_crafting_table":2,"minecraft:swim_one_cm":3395,"minecraft:fly_one_cm":5016,"minecraft:fall_one_cm":2825},"minecraft:used":{"minecraft:crafting_table":1},"minecraft:killed":{"minecraft:pig":1},"minecraft:mined":{"minecraft:spruce_stairs":1,"minecraft:spruce_fence":1,"minecraft:spruce_planks":2,"minecraft:ice":1,"minecraft:oak_planks":7,"minecraft:spruce_slab":1,"minecraft:fern":2}},"DataVersion":3465}