{"stats":{"minecraft:broken":{"minecraft:stone_pickaxe":1,"minecraft:stone_axe":1,"minecraft:wooden_axe":1},"minecraft:custom":{"minecraft:mob_kills":12,"minecraft:interact_with_crafting_table":14,"minecraft:open_barrel":5,"minecraft:bell_ring":217,"minecraft:leave_game":4,"minecraft:time_since_death":27919,"minecraft:climb_one_cm":1735,"minecraft:sprint_one_cm":153576,"minecraft:walk_one_cm":502610,"minecraft:drop":149,"minecraft:play_noteblock":2,"minecraft:talked_to_villager":2,"minecraft:play_time":152629,"minecraft:deaths":10,"minecraft:sneak_time":863,"minecraft:walk_under_water_one_cm":7005,"minecraft:jump":1175,"minecraft:walk_on_water_one_cm":14823,"minecraft:total_world_time":152629,"minecraft:interact_with_furnace":18,"minecraft:tune_noteblock":2,"minecraft:sleep_in_bed":6,"minecraft:time_since_rest":5583,"minecraft:damage_taken":3305,"minecraft:damage_dealt":2592,"minecraft:swim_one_cm":3939,"minecraft:fly_one_cm":67271,"minecraft:player_kills":1,"minecraft:open_chest":41,"minecraft:crouch_one_cm":1140,"minecraft:fall_one_cm":20799},"minecraft:crafted":{"minecraft:black_dye":3,"minecraft:wooden_sword":1,"minecraft:oak_planks":64,"naturalist:cooked_venison":1,"sophisticatedbackpacks:copper_backpack":1,"minecraft:spruce_wood":3,"minecraft:stone_pickaxe":1,"minecraft:cooked_beef":3,"minecraft:crafting_table":2,"minecraft:spruce_planks":28,"minecraft:wooden_pickaxe":1,"minecraft:baked_potato":32,"minecraft:copper_ingot":73,"minecraft:stone_axe":5,"minecraft:stick":20,"minecraft:wooden_axe":3,"minecraft:stone_sword":1,"minecraft:black_bed":1},"minecraft:killed":{"naturalist:cardinal":1,"minecraft:pig":1,"minecraft:squid":1,"minecraft:sheep":1,"minecraft:zombie":4,"minecraft:cow":2},"minecraft:picked_up":{"minecraft:charcoal":8,"naturalist:venison":1,"minecraft:wooden_pickaxe":1,"quark:hollow_oak_log":4,"iceandfire:armor_copper_metal_chestplate":1,"gravestone:obituary":1,"minecraft:moss_carpet":6,"minecraft:string":15,"minecraft:red_bed":1,"minecraft:raw_copper":28,"minecraft:item_frame":2,"minecraft:beetroot":2,"minecraft:sea_pickle":1,"minecraft:beef":5,"farmersdelight:straw":3,"minecraft:player_head":1,"minecraft:spruce_slab":2,"minecraft:birch_sapling":12,"minecraft:egg":1,"minecraft:stick":67,"minecraft:raw_iron":7,"iceandfire:armor_copper_metal_leggings":1,"minecraft:oak_fence":2,"minecraft:spruce_stairs":1,"minecraft:note_block":1,"minecraft:porkchop":3,"minecraft:cookie":1,"minecraft:mangrove_sign":1,"minecraft:diorite":8,"iceandfire:armor_copper_metal_boots":1,"easy_villagers:villager":2,"minecraft:arrow":2,"minecraft:light_gray_bed":1,"minecraft:rotten_flesh":2,"minecraft:beetroot_seeds":5,"minecraft:hay_block":3,"sophisticatedbackpacks:copper_backpack":1,"minecraft:mutton":2,"minecraft:white_wool":2,"minecraft:cobblestone":105,"minecraft:birch_log":45,"minecraft:lime_bed":1,"minecraft:feather":1,"minecraft:cooked_beef":14,"minecraft:leather":3,"minecraft:potato":8,"minecraft:crimson_fungus":1,"quark:music_disc_rain":1,"minecraft:oak_log":208,"iceandfire:armor_copper_metal_helmet":1,"minecraft:mangrove_slab":1,"farmersdelight:flint_knife":1,"minecraft:dirt":13,"minecraft:lantern":1,"minecraft:bone":27,"minecraft:apple":13,"minecraft:cooked_chicken":1,"minecraft:oak_planks":4,"minecraft:book":12,"minecraft:pumpkin":49,"minecraft:sweet_berries":2,"minecraft:dripstone_block":1,"minecraft:spruce_sapling":6,"minecraft:ink_sac":3,"minecraft:spruce_log":73,"minecraft:cyan_bed":4,"minecraft:spider_eye":2,"naturalist:antler":1,"minecraft:stone_axe":1,"minecraft:bread":12,"minecraft:baked_potato":3,"minecraft:oak_sapling":19,"minecraft:coal":25,"iceandfire:raw_silver":2},"minecraft:used":{"minecraft:beetroot":1,"minecraft:stone_sword":27,"minecraft:player_head":1,"minecraft:dirt":2,"farmersdelight:flint_knife":30,"minecraft:wooden_axe":136,"minecraft:item_frame":2,"minecraft:stone_pickaxe":126,"minecraft:baked_potato":10,"minecraft:wooden_pickaxe":11,"minecraft:crafting_table":2,"minecraft:dripstone_block":1,"minecraft:black_bed":1,"easy_villagers:villager":2,"minecraft:cyan_bed":3,"minecraft:stone_axe":274,"minecraft:wooden_sword":39,"minecraft:cobblestone":39},"minecraft:dropped":{"minecraft:bread":12,"minecraft:cobblestone":3,"minecraft:copper_ingot":73,"minecraft:dirt":10,"minecraft:red_bed":1,"minecraft:spruce_sapling":6,"minecraft:stone_axe":1,"minecraft:moss_carpet":6,"minecraft:sweet_berries":2,"minecraft:birch_sapling":12,"minecraft:oak_sapling":18,"easy_villagers:villager":3,"minecraft:arrow":2},"minecraft:killed_by":{"minecraft:player":2,"minecraft:skeleton":4,"minecraft:zombie":2,"iceandfire:fire_dragon":1},"minecraft:mined":{"iceandfire:silver_ore":2,"minecraft:potted_crimson_fungus":1,"gravestone:gravestone":3,"minecraft:grass_block":3,"minecraft:light_gray_bed":1,"minecraft:spruce_leaves":2,"minecraft:iron_ore":8,"minecraft:pumpkin":49,"minecraft:bookshelf":3,"minecraft:pointed_dripstone":3,"minecraft:stone":56,"minecraft:player_head":1,"minecraft:cake":1,"minecraft:glass_pane":1,"minecraft:oak_fence":1,"minecraft:note_block":1,"minecraft:sculk_sensor":1,"minecraft:campfire":3,"minecraft:tall_grass":1,"minecraft:copper_ore":8,"minecraft:cyan_bed":3,"minecraft:oak_planks":3,"minecraft:diorite":8,"minecraft:lime_bed":1,"minecraft:birch_log":45,"minecraft:sweet_berry_bush":1,"minecraft:spruce_log":76,"minecraft:grass":22,"minecraft:oak_log":169,"minecraft:coal_ore":25,"minecraft:beetroots":3,"minecraft:dripstone_block":7,"minecraft:dirt":8,"quark:hollow_oak_log":4,"minecraft:cobweb":5,"minecraft:oak_leaves":10,"minecraft:fern":2}},"DataVersion":3465}