{"stats":{"minecraft:broken":{"minecraft:wooden_axe":1},"minecraft:killed_by":{"minecraft:skeleton":3,"minecraft:zombie":1},"minecraft:crafted":{"minecraft:crafting_table":1,"minecraft:stick":4,"minecraft:wooden_axe":1},"minecraft:picked_up":{"minecraft:wooden_axe":2,"minecraft:stick":1,"minecraft:leather":3,"minecraft:spruce_stairs":1,"minecraft:spruce_fence":1,"minecraft:porkchop":3,"minecraft:spruce_sapling":6,"minecraft:spruce_log":34,"minecraft:dirt":1,"minecraft:rotten_flesh":2,"minecraft:spruce_planks":2,"minecraft:iron_ingot":1,"minecraft:beef":6,"minecraft:spruce_slab":1,"minecraft:sugar_cane":1,"minecraft:oak_planks":7,"minecraft:egg":1},"minecraft:dropped":{"minecraft:dirt":1,"minecraft:wooden_axe":2,"minecraft:spruce_sapling":4},"minecraft:custom":{"minecraft:time_since_rest":8336,"minecraft:sprint_one_cm":37033,"minecraft:damage_taken":1260,"minecraft:walk_one_cm":73088,"minecraft:mob_kills":5,"minecraft:drop":7,"minecraft:damage_dealt":638,"minecraft:swim_one_cm":3395,"minecraft:interact_with_crafting_table":2,"minecraft:fly_one_cm":7660,"minecraft:crouch_one_cm":365,"minecraft:play_time":28210,"minecraft:deaths":4,"minecraft:sneak_time":65,"minecraft:walk_under_water_one_cm":734,"minecraft:jump":201,"minecraft:walk_on_water_one_cm":3502,"minecraft:time_since_death":8303,"minecraft:total_world_time":28210,"minecraft:fall_one_cm":4732},"minecraft:used":{"minecraft:wooden_axe":33,"minecraft:crafting_table":1,"minecraft:spruce_log":5},"minecraft:killed":{"minecraft:pig":3,"minecraft:cow":2},"minecraft:mined":{"minecraft:large_fern":2,"minecraft:spruce_stairs":1,"minecraft:spruce_planks":2,"minecraft:ice":1,"minecraft:spruce_log":23,"minecraft:spruce_fence":1,"minecraft:spruce_leaves":9,"minecraft:oak_planks":7,"minecraft:spruce_slab":1,"minecraft:fern":3}},"DataVersion":3465}