{"stats":{"minecraft:broken":{"minecraft:wooden_axe":1},"minecraft:crafted":{"minecraft:wooden_sword":1,"minecraft:crafting_table":2,"minecraft:spruce_wood":3,"minecraft:spruce_planks":28,"minecraft:stick":8,"minecraft:wooden_pickaxe":1,"minecraft:wooden_axe":3},"minecraft:picked_up":{"minecraft:stick":4,"minecraft:sweet_berries":2,"minecraft:porkchop":3,"minecraft:spruce_sapling":6,"minecraft:spruce_log":73,"minecraft:mutton":2,"minecraft:white_wool":1,"minecraft:dirt":1},"minecraft:dropped":{"minecraft:dirt":1,"minecraft:sweet_berries":2,"minecraft:spruce_sapling":6},"minecraft:custom":{"minecraft:time_since_rest":16985,"minecraft:play_time":16985,"minecraft:sprint_one_cm":2981,"minecraft:damage_taken":180,"minecraft:walk_one_cm":43894,"minecraft:walk_under_water_one_cm":4562,"minecraft:mob_kills":6,"minecraft:drop":9,"minecraft:jump":125,"minecraft:damage_dealt":1154,"minecraft:time_since_death":16985,"minecraft:walk_on_water_one_cm":7986,"minecraft:climb_one_cm":62,"minecraft:total_world_time":16985,"minecraft:swim_one_cm":1273,"minecraft:fly_one_cm":2323,"minecraft:interact_with_crafting_table":3,"minecraft:fall_one_cm":1077},"minecraft:used":{"minecraft:wooden_axe":78,"minecraft:wooden_sword":39,"minecraft:crafting_table":2},"minecraft:killed":{"minecraft:sheep":1,"minecraft:zombie":4,"minecraft:pig":1},"minecraft:mined":{"minecraft:grass_block":1,"minecraft:sweet_berry_bush":1,"minecraft:spruce_leaves":2,"minecraft:spruce_log":76,"minecraft:fern":2}},"DataVersion":3465}