{"stats":{"minecraft:killed_by":{"minecraft:skeleton":1},"minecraft:custom":{"minecraft:jump":109,"minecraft:time_since_rest":3980,"minecraft:deaths":1,"minecraft:leave_game":6,"minecraft:play_time":55677,"minecraft:sprint_one_cm":7213,"minecraft:damage_taken":375,"minecraft:time_since_death":3784,"minecraft:walk_one_cm":10833,"minecraft:sneak_time":72,"minecraft:total_world_time":55677,"minecraft:fall_one_cm":627,"minecraft:fly_one_cm":34056},"minecraft:used":{"minecraft:spruce_leaves":1},"minecraft:mined":{"minecraft:spruce_leaves":1}},"DataVersion":3465}