{"stats":{"minecraft:picked_up":{"minecraft:spruce_log":8,"minecraft:dirt":2},"minecraft:custom":{"minecraft:jump":93,"minecraft:time_since_rest":5647,"minecraft:walk_on_water_one_cm":87,"minecraft:damage_dealt":140,"minecraft:crouch_one_cm":632,"minecraft:sprint_one_cm":18400,"minecraft:play_time":5647,"minecraft:damage_taken":208,"minecraft:time_since_death":5647,"minecraft:walk_one_cm":10552,"minecraft:sneak_time":262,"minecraft:total_world_time":5647,"minecraft:walk_under_water_one_cm":192,"minecraft:swim_one_cm":342,"minecraft:fall_one_cm":2598,"minecraft:fly_one_cm":14097},"minecraft:used":{"minecraft:dirt":2},"minecraft:mined":{"minecraft:grass_block":1,"minecraft:spruce_log":8,"minecraft:spruce_leaves":5,"minecraft:dirt":1}},"DataVersion":3465}