{"stats":{"minecraft:crafted":{"minecraft:spruce_boat":1,"minecraft:crafting_table":1,"minecraft:spruce_planks":32,"minecraft:stick":4},"minecraft:picked_up":{"minecraft:flower_pot":1,"minecraft:sea_pickle":2,"minecraft:spruce_boat":1,"minecraft:hay_block":13,"minecraft:spruce_sign":2,"minecraft:spruce_log":8,"minecraft:cornflower":1,"minecraft:dirt":2,"minecraft:lantern":1},"minecraft:custom":{"minecraft:open_barrel":3,"minecraft:time_since_rest":17647,"minecraft:open_chest":2,"minecraft:crouch_one_cm":632,"minecraft:play_time":17647,"minecraft:sprint_one_cm":67777,"minecraft:damage_taken":533,"minecraft:walk_one_cm":21877,"minecraft:sneak_time":271,"minecraft:walk_under_water_one_cm":1095,"minecraft:jump":518,"minecraft:damage_dealt":140,"minecraft:time_since_death":17647,"minecraft:walk_on_water_one_cm":4500,"minecraft:climb_one_cm":1259,"minecraft:total_world_time":17647,"minecraft:swim_one_cm":342,"minecraft:interact_with_crafting_table":1,"minecraft:fall_one_cm":13887,"minecraft:fly_one_cm":122211},"minecraft:used":{"minecraft:spruce_boat":1,"minecraft:cornflower":1,"minecraft:dirt":2,"minecraft:crafting_table":1,"minecraft:lantern":1,"minecraft:bread":5,"minecraft:sea_pickle":2,"minecraft:spruce_sign":2},"minecraft:mined":{"minecraft:hay_block":13,"minecraft:grass_block":1,"minecraft:dirt":1,"betterarcheology:loot_vase":1,"minecraft:potted_cornflower":1,"minecraft:spruce_leaves":5,"minecraft:spruce_log":8}},"DataVersion":3465}