{"stats":{"minecraft:killed_by":{"iceandfire:fire_dragon":1},"minecraft:crafted":{"minecraft:crafting_table":2,"minecraft:spruce_planks":32,"minecraft:bread":39,"minecraft:stick":4,"minecraft:spruce_boat":1,"minecraft:wheat":117},"minecraft:picked_up":{"minecraft:lime_bed":1,"minecraft:wheat":12,"minecraft:lilac":1,"minecraft:flower_pot":2,"minecraft:wooden_pickaxe":1,"minecraft:potato":24,"minecraft:oak_stairs":1,"minecraft:oak_log":22,"farmersdelight:flint_knife":3,"minecraft:cornflower":1,"minecraft:red_bed":2,"minecraft:mangrove_slab":2,"minecraft:dirt":2,"minecraft:lantern":1,"minecraft:bone":23,"minecraft:apple":20,"minecraft:sea_pickle":2,"minecraft:spruce_planks":34,"minecraft:beef":2,"minecraft:cooked_chicken":2,"minecraft:spruce_slab":1,"minecraft:birch_sapling":1,"minecraft:oak_planks":1,"minecraft:book":63,"minecraft:stick":10,"minecraft:jukebox":1,"minecraft:oak_fence":1,"minecraft:spruce_stairs":2,"minecraft:note_block":12,"minecraft:mangrove_sign":2,"minecraft:cyan_bed":1,"minecraft:spruce_log":8,"quark:ancient_tome":2,"easy_villagers:villager":19,"minecraft:arrow":2,"minecraft:rotten_flesh":2,"minecraft:spruce_boat":1,"minecraft:hay_block":27,"minecraft:bread":10,"minecraft:spruce_sign":2,"minecraft:oak_sapling":1,"minecraft:white_wool":2},"minecraft:dropped":{"minecraft:oak_log":22,"minecraft:birch_sapling":1,"minecraft:oak_fence":1,"minecraft:rotten_flesh":2,"minecraft:spruce_stairs":2,"minecraft:mangrove_sign":2,"minecraft:stick":10,"farmersdelight:flint_knife":1,"minecraft:oak_sapling":1,"easy_villagers:villager":2,"minecraft:spruce_slab":1,"minecraft:arrow":2,"minecraft:wooden_pickaxe":1,"minecraft:beef":2,"minecraft:white_wool":1,"minecraft:cyan_bed":1,"minecraft:mangrove_slab":2},"minecraft:custom":{"minecraft:mob_kills":4,"minecraft:interact_with_crafting_table":2,"minecraft:open_barrel":4,"minecraft:leave_game":2,"minecraft:time_since_death":5730,"minecraft:sleep_in_bed":1,"minecraft:climb_one_cm":2965,"minecraft:time_since_rest":5763,"minecraft:walk_one_cm":105203,"minecraft:sprint_one_cm":164972,"minecraft:damage_taken":1883,"minecraft:drop":21,"minecraft:damage_dealt":794,"minecraft:play_noteblock":4,"minecraft:talked_to_villager":1,"minecraft:swim_one_cm":342,"minecraft:fly_one_cm":223854,"minecraft:open_chest":14,"minecraft:crouch_one_cm":2997,"minecraft:play_time":47004,"minecraft:deaths":3,"minecraft:sneak_time":1118,"minecraft:walk_under_water_one_cm":1095,"minecraft:jump":1092,"minecraft:walk_on_water_one_cm":4500,"minecraft:total_world_time":47004,"minecraft:fall_one_cm":35276},"minecraft:used":{"minecraft:oak_planks":1,"minecraft:spruce_sign":2,"minecraft:cooked_chicken":1,"minecraft:dirt":2,"farmersdelight:flint_knife":21,"minecraft:crafting_table":2,"minecraft:lime_bed":1,"minecraft:red_bed":2,"minecraft:spruce_boat":1,"easy_villagers:villager":7,"minecraft:flower_pot":2,"minecraft:cornflower":1,"minecraft:lantern":1,"minecraft:oak_stairs":1,"minecraft:bread":18,"minecraft:lilac":1,"minecraft:sea_pickle":2},"minecraft:killed":{"minecraft:skeleton":1,"minecraft:zombie":3},"minecraft:mined":{"minecraft:red_bed":2,"minecraft:note_block":3,"minecraft:grass_block":1,"minecraft:spruce_leaves":5,"minecraft:cyan_bed":1,"minecraft:oak_planks":1,"minecraft:spruce_stairs":2,"minecraft:hay_block":23,"minecraft:lime_bed":1,"minecraft:fire":1,"minecraft:lilac":1,"minecraft:spruce_log":8,"minecraft:jukebox":1,"minecraft:mangrove_slab":2,"minecraft:bookshelf":9,"minecraft:oak_stairs":1,"minecraft:dirt":1,"minecraft:potted_cornflower":1,"betterarcheology:loot_vase":1,"minecraft:spruce_slab":1}},"DataVersion":3465}