{"stats":{"minecraft:killed_by":{"minecraft:player":1,"minecraft:creeper":1,"iceandfire:fire_dragon":1},"minecraft:crafted":{"minecraft:oak_planks":20,"minecraft:crafting_table":3,"minecraft:spruce_planks":32,"minecraft:bread":62,"minecraft:stick":4,"minecraft:spruce_boat":1,"minecraft:wheat":180},"minecraft:picked_up":{"minecraft:lime_bed":1,"minecraft:crafting_table":1,"minecraft:wheat":24,"minecraft:lilac":1,"farmersdelight:rice":1,"minecraft:flower_pot":2,"minecraft:leather":11,"minecraft:wooden_pickaxe":1,"minecraft:potato":40,"minecraft:oak_stairs":1,"minecraft:oak_log":36,"minecraft:string":6,"farmersdelight:flint_knife":5,"minecraft:cornflower":1,"minecraft:red_bed":3,"minecraft:mangrove_slab":2,"minecraft:dirt":56,"minecraft:lantern":1,"minecraft:bone":71,"minecraft:apple":40,"minecraft:sea_pickle":2,"minecraft:wheat_seeds":4,"minecraft:spruce_planks":68,"minecraft:beef":16,"farmersdelight:straw":1,"minecraft:cooked_chicken":2,"minecraft:spruce_slab":1,"minecraft:sugar_cane":10,"minecraft:birch_sapling":1,"minecraft:oak_planks":3,"minecraft:book":141,"minecraft:stick":14,"minecraft:jukebox":1,"minecraft:oak_fence":1,"minecraft:spruce_stairs":2,"minecraft:note_block":18,"minecraft:sand":5,"minecraft:mangrove_sign":2,"minecraft:cyan_bed":1,"minecraft:spruce_log":8,"minecraft:spider_eye":2,"quark:ancient_tome":4,"easy_villagers:villager":32,"minecraft:arrow":3,"minecraft:rotten_flesh":4,"minecraft:spruce_boat":1,"minecraft:hay_block":41,"minecraft:bread":22,"minecraft:spruce_sign":2,"minecraft:oak_sapling":7,"minecraft:white_wool":2},"minecraft:dropped":{"minecraft:bread":12,"minecraft:wheat_seeds":2,"minecraft:oak_log":22,"minecraft:birch_sapling":1,"minecraft:oak_fence":1,"minecraft:rotten_flesh":3,"minecraft:spruce_stairs":2,"minecraft:mangrove_sign":2,"minecraft:stick":10,"farmersdelight:flint_knife":1,"minecraft:oak_sapling":7,"easy_villagers:villager":2,"minecraft:spruce_slab":1,"minecraft:arrow":3,"minecraft:wooden_pickaxe":1,"minecraft:beef":2,"minecraft:white_wool":1,"minecraft:cyan_bed":1,"minecraft:mangrove_slab":2},"minecraft:custom":{"minecraft:mob_kills":17,"minecraft:interact_with_crafting_table":4,"minecraft:open_barrel":4,"minecraft:leave_game":2,"minecraft:time_since_death":8035,"minecraft:sleep_in_bed":3,"minecraft:climb_one_cm":2965,"minecraft:time_since_rest":8060,"minecraft:walk_one_cm":135467,"minecraft:sprint_one_cm":199761,"minecraft:damage_taken":2801,"minecraft:drop":31,"minecraft:damage_dealt":3177,"minecraft:play_noteblock":4,"minecraft:talked_to_villager":1,"minecraft:swim_one_cm":1688,"minecraft:fly_one_cm":304410,"minecraft:player_kills":1,"minecraft:open_chest":15,"minecraft:crouch_one_cm":3226,"minecraft:play_time":59004,"minecraft:deaths":5,"minecraft:sneak_time":1225,"minecraft:walk_under_water_one_cm":1438,"minecraft:jump":1497,"minecraft:walk_on_water_one_cm":6607,"minecraft:total_world_time":59004,"minecraft:fall_one_cm":42347},"minecraft:used":{"minecraft:oak_planks":17,"minecraft:spruce_sign":2,"minecraft:cooked_chicken":1,"minecraft:sand":5,"minecraft:dirt":35,"farmersdelight:flint_knife":94,"minecraft:crafting_table":3,"minecraft:lime_bed":1,"minecraft:red_bed":2,"minecraft:spruce_boat":1,"easy_villagers:villager":7,"minecraft:flower_pot":2,"minecraft:cornflower":1,"minecraft:lantern":1,"minecraft:oak_stairs":1,"minecraft:bread":27,"minecraft:lilac":1,"minecraft:sea_pickle":2},"minecraft:killed":{"minecraft:spider":3,"minecraft:skeleton":1,"minecraft:zombie":7,"minecraft:cow":6},"minecraft:mined":{"minecraft:red_bed":3,"minecraft:crafting_table":1,"minecraft:note_block":3,"minecraft:grass_block":1,"minecraft:spruce_leaves":5,"minecraft:cyan_bed":1,"minecraft:oak_planks":1,"minecraft:spruce_stairs":2,"minecraft:hay_block":23,"minecraft:lime_bed":1,"farmersdelight:wild_rice":1,"minecraft:fire":1,"minecraft:lilac":1,"minecraft:spruce_log":8,"minecraft:jukebox":1,"minecraft:grass":8,"minecraft:mangrove_slab":2,"minecraft:bookshelf":9,"minecraft:oak_log":10,"minecraft:oak_stairs":1,"minecraft:sand":5,"minecraft:dirt":1,"minecraft:potted_cornflower":1,"betterarcheology:loot_vase":1,"minecraft:oak_leaves":2,"minecraft:spruce_slab":1}},"DataVersion":3465}