{"stats":{"minecraft:killed_by":{"minecraft:skeleton":1},"minecraft:crafted":{"minecraft:spruce_planks":72},"minecraft:picked_up":{"minecraft:spruce_planks":32,"minecraft:iron_ingot":1,"minecraft:sand":6,"minecraft:spruce_sapling":5,"minecraft:spruce_log":25,"minecraft:sugar_cane":2,"minecraft:wooden_axe":2},"minecraft:dropped":{"minecraft:iron_ingot":1,"minecraft:spruce_log":7,"minecraft:spruce_planks":32,"minecraft:wooden_axe":2,"minecraft:spruce_sapling":5},"minecraft:custom":{"minecraft:open_chest":3,"minecraft:time_since_rest":27885,"minecraft:crouch_one_cm":1751,"minecraft:sprint_one_cm":53339,"minecraft:play_time":79582,"minecraft:damage_taken":675,"minecraft:deaths":1,"minecraft:walk_one_cm":76546,"minecraft:sneak_time":485,"minecraft:walk_under_water_one_cm":1270,"minecraft:drop":7,"minecraft:jump":422,"minecraft:damage_dealt":190,"minecraft:leave_game":7,"minecraft:time_since_death":27689,"minecraft:walk_on_water_one_cm":3574,"minecraft:total_world_time":79582,"minecraft:swim_one_cm":1056,"minecraft:interact_with_crafting_table":6,"minecraft:fall_one_cm":6334,"minecraft:fly_one_cm":86683},"minecraft:used":{"minecraft:wooden_axe":20,"minecraft:spruce_leaves":1,"minecraft:sand":6},"minecraft:mined":{"minecraft:large_fern":1,"minecraft:grass_block":1,"minecraft:sand":6,"minecraft:ice":1,"minecraft:spruce_leaves":9,"minecraft:spruce_log":24}},"DataVersion":3465}