{"stats":{"minecraft:broken":{"minecraft:stone_sword":1,"minecraft:stone_pickaxe":3,"minecraft:stone_axe":1,"iceandfire:armor_copper_metal_helmet":1},"minecraft:custom":{"minecraft:mob_kills":87,"minecraft:interact_with_crafting_table":36,"minecraft:open_barrel":42,"minecraft:damage_dealt_resisted":82,"minecraft:leave_game":4,"minecraft:time_since_death":6971,"minecraft:climb_one_cm":3813,"minecraft:sprint_one_cm":732895,"minecraft:walk_one_cm":702235,"minecraft:drop":88,"minecraft:play_noteblock":4,"minecraft:damage_dealt_absorbed":40,"minecraft:talked_to_villager":2,"minecraft:play_time":242864,"minecraft:sneak_time":8605,"minecraft:deaths":14,"minecraft:walk_under_water_one_cm":15966,"minecraft:jump":4859,"minecraft:walk_on_water_one_cm":21169,"minecraft:total_world_time":242864,"minecraft:interact_with_furnace":108,"minecraft:sleep_in_bed":9,"minecraft:time_since_rest":6997,"minecraft:damage_taken":9838,"minecraft:damage_dealt":18634,"minecraft:player_kills":3,"minecraft:swim_one_cm":26326,"minecraft:fly_one_cm":906705,"minecraft:open_chest":126,"minecraft:crouch_one_cm":28141,"minecraft:fall_one_cm":122602},"minecraft:crafted":{"minecraft:black_dye":1,"minecraft:oak_planks":204,"minecraft:raw_iron":36,"minecraft:stone_shovel":1,"minecraft:furnace":7,"iceandfire:armor_copper_metal_leggings":2,"iceandfire:armor_copper_metal_boots":2,"iceandfire:armor_copper_metal_helmet":2,"sophisticatedbackpacks:copper_backpack":3,"minecraft:iron_axe":1,"minecraft:stone_pickaxe":6,"iceandfire:armor_copper_metal_chestplate":2,"minecraft:spruce_boat":1,"minecraft:wheat":261,"minecraft:cooked_beef":14,"sophisticatedbackpacks:backpack":2,"iceandfire:silver_ingot":3,"minecraft:crafting_table":7,"minecraft:spruce_planks":44,"minecraft:baked_potato":3,"minecraft:wooden_pickaxe":1,"minecraft:iron_sword":1,"minecraft:copper_ingot":246,"minecraft:stone_axe":3,"minecraft:bread":89,"minecraft:air":0,"minecraft:shield":1,"minecraft:stick":32,"quark:oak_chest":3,"minecraft:iron_ingot":43,"minecraft:iron_pickaxe":1,"minecraft:wooden_axe":1,"minecraft:stone_sword":2,"iceandfire:silver_pickaxe":1},"minecraft:killed":{"minecraft:spider":8,"naturalist:snail":1,"minecraft:skeleton":17,"minecraft:pig":4,"iceandfire:troll":2,"minecraft:creeper":9,"minecraft:squid":1,"minecraft:zombie":37,"minecraft:cow":8},"minecraft:picked_up":{"minecraft:charcoal":3,"minecraft:crafting_table":4,"minecraft:wheat":24,"minecraft:allium":1,"iceandfire:troll_weapon_hammer":1,"minecraft:flower_pot":5,"minecraft:brown_mushroom":1,"minecraft:wooden_pickaxe":1,"minecraft:oak_stairs":1,"gravestone:obituary":7,"minecraft:raw_copper":324,"minecraft:cornflower":1,"minecraft:string":16,"minecraft:red_bed":4,"minecraft:moss_carpet":6,"minecraft:sea_pickle":4,"minecraft:gold_nugget":2,"minecraft:spruce_planks":68,"minecraft:beef":34,"farmersdelight:straw":1,"minecraft:spruce_slab":1,"minecraft:sugar_cane":20,"minecraft:chest":1,"minecraft:birch_sapling":9,"minecraft:spruce_trapdoor":17,"minecraft:furnace":1,"minecraft:stick":67,"minecraft:raw_iron":139,"minecraft:jukebox":1,"minecraft:copper_ingot":73,"minecraft:oak_fence":1,"minecraft:porkchop":8,"minecraft:spruce_stairs":4,"minecraft:note_block":21,"minecraft:diorite":1,"minecraft:mangrove_sign":2,"minecraft:carrot":1,"gobber2:gobber2_foo":2,"quark:ancient_tome":5,"easy_villagers:villager":38,"minecraft:arrow":11,"minecraft:rotten_flesh":24,"minecraft:light_gray_bed":2,"minecraft:hay_block":52,"minecraft:gold_ingot":2,"minecraft:white_wool":2,"minecraft:cobblestone":486,"minecraft:oxeye_daisy":2,"minecraft:lime_bed":1,"minecraft:lilac":1,"farmersdelight:rice":1,"minecraft:glow_ink_sac":2,"minecraft:andesite":6,"gobber2:gobber2_gooey_beefstew":1,"minecraft:leather":26,"minecraft:red_mushroom":5,"minecraft:potato":48,"minecraft:flint":1,"minecraft:stripped_spruce_wood":3,"minecraft:oak_log":251,"minecraft:yellow_bed":2,"minecraft:gunpowder":13,"farmersdelight:flint_knife":5,"minecraft:mangrove_slab":2,"minecraft:dirt":103,"minecraft:lantern":6,"minecraft:bone":107,"minecraft:apple":63,"gobber2:gobber2_gooey_beef":11,"minecraft:bow":2,"minecraft:wheat_seeds":5,"minecraft:iron_ingot":4,"minecraft:cooked_chicken":2,"gobber2:gobber2_globette":9,"minecraft:cyan_candle":3,"minecraft:oak_planks":3,"gobber2:gobber2_gooey_bread":10,"minecraft:book":180,"minecraft:dandelion":2,"minecraft:raw_iron_block":4,"minecraft:gravel":10,"minecraft:sand":5,"minecraft:ink_sac":3,"minecraft:spruce_log":8,"minecraft:cyan_bed":1,"minecraft:spider_eye":3,"minecraft:barrel":7,"minecraft:spruce_boat":1,"minecraft:iron_helmet":4,"minecraft:granite":13,"minecraft:spruce_sign":14,"minecraft:emerald":1,"minecraft:bread":22,"iceandfire:troll_leather_forest":4,"minecraft:oak_sapling":121,"minecraft:light_gray_carpet":13,"minecraft:coal":258,"gobber2:gobber2_goo":8,"iceandfire:raw_silver":21},"minecraft:used":{"minecraft:stone_sword":229,"gobber2:gobber2_goo":6,"minecraft:stone_shovel":28,"minecraft:light_gray_carpet":13,"gobber2:gobber2_gooey_bread":4,"minecraft:chest":1,"minecraft:cooked_chicken":1,"iceandfire:armor_copper_metal_boots":1,"minecraft:dirt":42,"farmersdelight:flint_knife":122,"minecraft:granite":8,"minecraft:spruce_boat":1,"minecraft:wooden_axe":17,"minecraft:lantern":3,"minecraft:oak_stairs":1,"minecraft:barrel":1,"gobber2:gobber2_gooey_beef":7,"minecraft:furnace":7,"iceandfire:troll_weapon_hammer":11,"minecraft:light_gray_bed":2,"minecraft:diorite":1,"minecraft:stone_pickaxe":703,"minecraft:oak_planks":17,"minecraft:wooden_pickaxe":37,"minecraft:spruce_sign":10,"minecraft:sand":5,"minecraft:lime_bed":1,"minecraft:crafting_table":11,"minecraft:red_bed":4,"iceandfire:silver_pickaxe":308,"minecraft:flower_pot":2,"easy_villagers:villager":7,"minecraft:cornflower":1,"iceandfire:armor_copper_metal_chestplate":1,"minecraft:bread":124,"minecraft:string":1,"minecraft:gravel":10,"minecraft:spruce_trapdoor":3,"minecraft:lilac":1,"minecraft:stone_axe":247,"minecraft:cobblestone":262,"minecraft:andesite":6,"quark:oak_chest":1,"minecraft:yellow_bed":1,"minecraft:sea_pickle":2,"minecraft:dandelion":2},"minecraft:dropped":{"minecraft:bread":12,"minecraft:wheat_seeds":3,"minecraft:cooked_beef":14,"gobber2:gobber2_foo":1,"minecraft:oak_log":108,"minecraft:baked_potato":3,"minecraft:oak_fence":1,"iceandfire:armor_copper_metal_chestplate":1,"minecraft:cobblestone":47,"minecraft:granite":5,"minecraft:spruce_stairs":2,"farmersdelight:rice":1,"minecraft:stick":32,"minecraft:dirt":29,"minecraft:wooden_axe":1,"iceandfire:armor_copper_metal_boots":1,"gravestone:obituary":16,"minecraft:white_wool":1,"minecraft:mangrove_slab":2,"minecraft:stone_axe":1,"minecraft:stone_sword":1,"minecraft:raw_copper":5,"minecraft:birch_sapling":2,"minecraft:rotten_flesh":15,"iceandfire:armor_copper_metal_helmet":1,"minecraft:mangrove_sign":2,"farmersdelight:flint_knife":2,"minecraft:charcoal":2,"minecraft:oak_sapling":9,"easy_villagers:villager":2,"minecraft:spruce_slab":1,"minecraft:bow":1,"minecraft:wooden_pickaxe":2,"sophisticatedbackpacks:copper_backpack":1,"minecraft:arrow":4,"minecraft:beef":2,"minecraft:stone_pickaxe":3,"iceandfire:armor_copper_metal_leggings":1,"minecraft:cyan_bed":1},"minecraft:killed_by":{"minecraft:player":1,"minecraft:creeper":2,"minecraft:skeleton":3,"iceandfire:troll":5,"iceandfire:fire_dragon":1},"minecraft:mined":{"iceandfire:silver_ore":21,"farmersdelight:wild_carrots":1,"minecraft:spruce_trapdoor":17,"minecraft:glow_lichen":2,"gravestone:gravestone":9,"minecraft:granite":8,"minecraft:grass_block":36,"gobber2:gobber2_ore_deepslate":4,"gobber2:gobber2_lucky_block":30,"minecraft:light_gray_bed":2,"minecraft:spruce_leaves":13,"minecraft:hay_block":34,"minecraft:raw_iron_block":4,"gobber2:gobber2_ore":5,"minecraft:furnace":1,"farmersdelight:wild_rice":1,"minecraft:iron_ore":135,"minecraft:fire":8,"minecraft:barrel":7,"minecraft:andesite":3,"minecraft:bookshelf":9,"minecraft:deepslate_iron_ore":3,"minecraft:vine":75,"minecraft:oak_stairs":1,"minecraft:potted_cornflower":1,"betterarcheology:loot_vase":1,"minecraft:stone":455,"minecraft:spruce_slab":1,"minecraft:tripwire":1,"minecraft:potted_allium":1,"minecraft:light_gray_carpet":13,"minecraft:red_bed":4,"quark:oak_chest":1,"minecraft:crafting_table":4,"minecraft:note_block":3,"minecraft:chest":1,"minecraft:campfire":1,"minecraft:spruce_wall_sign":2,"minecraft:potted_oxeye_daisy":2,"minecraft:copper_ore":92,"minecraft:cobblestone":26,"minecraft:cyan_bed":1,"minecraft:oak_planks":1,"minecraft:spruce_stairs":4,"minecraft:lime_bed":1,"minecraft:stripped_spruce_wood":3,"gobber2:gobber2_lucky_block_deepslate":4,"minecraft:lilac":1,"minecraft:black_bed":1,"minecraft:spruce_log":8,"minecraft:jukebox":1,"minecraft:birch_leaves":9,"minecraft:yellow_bed":2,"minecraft:grass":15,"minecraft:mangrove_slab":2,"minecraft:oak_log":176,"minecraft:coal_ore":253,"minecraft:sand":5,"minecraft:dirt":7,"minecraft:oak_leaves":59,"minecraft:cyan_candle":1}},"DataVersion":3465}