{"stats":{"minecraft:broken":{"minecraft:stone_axe":1},"minecraft:custom":{"minecraft:mob_kills":28,"minecraft:interact_with_crafting_table":16,"minecraft:open_barrel":36,"minecraft:leave_game":3,"minecraft:time_since_death":848,"minecraft:climb_one_cm":3813,"minecraft:sprint_one_cm":352403,"minecraft:walk_one_cm":301224,"minecraft:drop":46,"minecraft:play_noteblock":4,"minecraft:talked_to_villager":2,"minecraft:play_time":106663,"minecraft:deaths":6,"minecraft:sneak_time":1976,"minecraft:walk_under_water_one_cm":1690,"minecraft:jump":2256,"minecraft:walk_on_water_one_cm":8758,"minecraft:total_world_time":106663,"minecraft:interact_with_furnace":34,"minecraft:sleep_in_bed":5,"minecraft:time_since_rest":875,"minecraft:damage_taken":3511,"minecraft:damage_dealt":5567,"minecraft:swim_one_cm":9331,"minecraft:fly_one_cm":492874,"minecraft:player_kills":1,"minecraft:open_chest":61,"minecraft:crouch_one_cm":4494,"minecraft:fall_one_cm":59356},"minecraft:crafted":{"minecraft:oak_planks":108,"minecraft:raw_iron":36,"minecraft:stone_shovel":1,"minecraft:furnace":4,"minecraft:iron_axe":1,"minecraft:stone_pickaxe":2,"minecraft:spruce_boat":1,"minecraft:wheat":180,"minecraft:crafting_table":3,"minecraft:spruce_planks":44,"minecraft:wooden_pickaxe":1,"minecraft:iron_sword":1,"minecraft:stone_axe":2,"minecraft:bread":62,"minecraft:air":0,"minecraft:shield":1,"minecraft:iron_pickaxe":1,"minecraft:stick":28,"quark:oak_chest":1,"minecraft:iron_ingot":27,"minecraft:wooden_axe":1,"minecraft:stone_sword":1},"minecraft:killed":{"minecraft:spider":5,"minecraft:skeleton":2,"minecraft:creeper":3,"minecraft:zombie":12,"minecraft:cow":6},"minecraft:picked_up":{"minecraft:charcoal":1,"minecraft:crafting_table":4,"minecraft:wheat":24,"minecraft:flower_pot":4,"minecraft:wooden_pickaxe":1,"minecraft:oak_stairs":1,"minecraft:cornflower":1,"minecraft:red_bed":4,"minecraft:string":12,"minecraft:sea_pickle":2,"minecraft:gold_nugget":2,"minecraft:spruce_planks":68,"minecraft:beef":30,"farmersdelight:straw":1,"minecraft:spruce_slab":1,"minecraft:birch_sapling":2,"minecraft:sugar_cane":20,"minecraft:chest":1,"minecraft:spruce_trapdoor":17,"minecraft:furnace":1,"minecraft:stick":48,"minecraft:raw_iron":16,"minecraft:jukebox":1,"minecraft:oak_fence":1,"minecraft:spruce_stairs":4,"minecraft:note_block":21,"minecraft:mangrove_sign":2,"quark:ancient_tome":5,"easy_villagers:villager":38,"minecraft:rotten_flesh":10,"minecraft:arrow":3,"minecraft:light_gray_bed":2,"minecraft:hay_block":41,"minecraft:gold_ingot":2,"minecraft:cobblestone":158,"minecraft:white_wool":2,"minecraft:oxeye_daisy":2,"minecraft:lime_bed":1,"minecraft:lilac":1,"farmersdelight:rice":1,"minecraft:leather":22,"minecraft:potato":48,"minecraft:stripped_spruce_wood":3,"minecraft:oak_log":185,"minecraft:yellow_bed":2,"minecraft:gunpowder":5,"farmersdelight:flint_knife":5,"minecraft:mangrove_slab":2,"minecraft:dirt":94,"minecraft:lantern":5,"minecraft:bone":96,"minecraft:apple":62,"minecraft:bow":1,"minecraft:wheat_seeds":4,"minecraft:iron_ingot":4,"minecraft:cooked_chicken":2,"minecraft:cyan_candle":3,"minecraft:oak_planks":3,"minecraft:book":180,"minecraft:dandelion":2,"minecraft:raw_iron_block":4,"minecraft:sand":5,"minecraft:spruce_log":8,"minecraft:cyan_bed":1,"minecraft:barrel":7,"minecraft:spider_eye":3,"minecraft:spruce_boat":1,"minecraft:iron_helmet":4,"minecraft:emerald":1,"minecraft:spruce_sign":13,"minecraft:bread":22,"minecraft:oak_sapling":78,"minecraft:light_gray_carpet":13},"minecraft:used":{"minecraft:stone_sword":42,"minecraft:stone_shovel":28,"minecraft:light_gray_carpet":13,"minecraft:chest":1,"minecraft:cooked_chicken":1,"minecraft:dirt":41,"farmersdelight:flint_knife":122,"minecraft:spruce_boat":1,"minecraft:wooden_axe":17,"minecraft:lantern":3,"minecraft:oak_stairs":1,"minecraft:barrel":1,"minecraft:furnace":4,"minecraft:light_gray_bed":2,"minecraft:stone_pickaxe":143,"minecraft:oak_planks":17,"minecraft:wooden_pickaxe":37,"minecraft:spruce_sign":10,"minecraft:sand":5,"minecraft:crafting_table":7,"minecraft:lime_bed":1,"minecraft:red_bed":4,"minecraft:flower_pot":2,"easy_villagers:villager":7,"minecraft:cornflower":1,"minecraft:bread":45,"minecraft:spruce_trapdoor":3,"minecraft:lilac":1,"minecraft:stone_axe":205,"quark:oak_chest":1,"minecraft:yellow_bed":1,"minecraft:sea_pickle":2,"minecraft:dandelion":2},"minecraft:dropped":{"minecraft:bread":12,"minecraft:wheat_seeds":2,"minecraft:oak_log":66,"minecraft:oak_fence":1,"minecraft:cobblestone":47,"minecraft:spruce_stairs":2,"farmersdelight:rice":1,"minecraft:stick":32,"minecraft:dirt":29,"minecraft:wooden_axe":1,"gravestone:obituary":1,"minecraft:white_wool":1,"minecraft:mangrove_slab":2,"minecraft:birch_sapling":2,"minecraft:rotten_flesh":7,"minecraft:mangrove_sign":2,"farmersdelight:flint_knife":2,"minecraft:oak_sapling":9,"easy_villagers:villager":2,"minecraft:spruce_slab":1,"minecraft:wooden_pickaxe":2,"minecraft:arrow":3,"minecraft:beef":2,"minecraft:stone_pickaxe":1,"minecraft:cyan_bed":1},"minecraft:killed_by":{"minecraft:player":1,"minecraft:creeper":1,"minecraft:skeleton":1,"iceandfire:fire_dragon":1},"minecraft:mined":{"gravestone:gravestone":1,"minecraft:spruce_trapdoor":17,"minecraft:grass_block":36,"minecraft:light_gray_bed":2,"minecraft:spruce_leaves":5,"minecraft:hay_block":23,"minecraft:raw_iron_block":4,"minecraft:furnace":1,"farmersdelight:wild_rice":1,"minecraft:iron_ore":16,"minecraft:fire":8,"minecraft:barrel":7,"minecraft:bookshelf":9,"minecraft:vine":75,"minecraft:oak_stairs":1,"minecraft:potted_cornflower":1,"betterarcheology:loot_vase":1,"minecraft:stone":158,"minecraft:spruce_slab":1,"minecraft:light_gray_carpet":13,"minecraft:red_bed":4,"quark:oak_chest":1,"minecraft:crafting_table":4,"minecraft:note_block":3,"minecraft:chest":1,"minecraft:spruce_wall_sign":2,"minecraft:potted_oxeye_daisy":2,"minecraft:cyan_bed":1,"minecraft:oak_planks":1,"minecraft:spruce_stairs":4,"minecraft:lime_bed":1,"minecraft:stripped_spruce_wood":3,"minecraft:lilac":1,"minecraft:spruce_log":8,"minecraft:jukebox":1,"minecraft:yellow_bed":2,"minecraft:grass":14,"minecraft:mangrove_slab":2,"minecraft:oak_log":161,"minecraft:sand":5,"minecraft:dirt":7,"minecraft:oak_leaves":52,"minecraft:cyan_candle":1}},"DataVersion":3465}