{"stats":{"minecraft:killed_by":{"minecraft:player":1,"minecraft:creeper":1,"iceandfire:fire_dragon":1},"minecraft:crafted":{"minecraft:oak_planks":108,"minecraft:crafting_table":3,"minecraft:spruce_planks":32,"minecraft:wooden_pickaxe":1,"minecraft:bread":62,"minecraft:stick":28,"quark:oak_chest":1,"minecraft:stone_pickaxe":1,"minecraft:wooden_axe":1,"minecraft:spruce_boat":1,"minecraft:wheat":180},"minecraft:picked_up":{"minecraft:lime_bed":1,"minecraft:crafting_table":2,"minecraft:wheat":24,"minecraft:lilac":1,"farmersdelight:rice":1,"minecraft:flower_pot":2,"minecraft:leather":11,"minecraft:wooden_pickaxe":1,"minecraft:potato":40,"minecraft:oak_stairs":1,"minecraft:oak_log":53,"minecraft:yellow_bed":1,"minecraft:string":6,"farmersdelight:flint_knife":5,"minecraft:cornflower":1,"minecraft:red_bed":4,"minecraft:mangrove_slab":2,"minecraft:dirt":58,"minecraft:lantern":1,"minecraft:bone":71,"minecraft:apple":41,"minecraft:sea_pickle":2,"minecraft:wheat_seeds":4,"minecraft:spruce_planks":68,"minecraft:beef":16,"farmersdelight:straw":1,"minecraft:cooked_chicken":2,"minecraft:spruce_slab":1,"minecraft:sugar_cane":10,"minecraft:birch_sapling":1,"minecraft:oak_planks":3,"minecraft:book":141,"minecraft:stick":18,"minecraft:jukebox":1,"minecraft:oak_fence":1,"minecraft:spruce_stairs":2,"minecraft:note_block":18,"minecraft:sand":5,"minecraft:mangrove_sign":2,"minecraft:cyan_bed":1,"minecraft:spruce_log":8,"minecraft:spider_eye":2,"quark:ancient_tome":4,"easy_villagers:villager":32,"minecraft:arrow":3,"minecraft:rotten_flesh":8,"minecraft:spruce_boat":1,"minecraft:iron_helmet":3,"minecraft:hay_block":41,"minecraft:bread":22,"minecraft:spruce_sign":2,"minecraft:oak_sapling":19,"minecraft:cobblestone":157,"minecraft:white_wool":2},"minecraft:dropped":{"minecraft:bread":12,"minecraft:wheat_seeds":2,"minecraft:oak_log":22,"minecraft:birch_sapling":1,"minecraft:oak_fence":1,"minecraft:rotten_flesh":7,"minecraft:spruce_stairs":2,"minecraft:mangrove_sign":2,"farmersdelight:rice":1,"minecraft:stick":10,"minecraft:dirt":1,"farmersdelight:flint_knife":2,"minecraft:wooden_axe":1,"minecraft:oak_sapling":7,"easy_villagers:villager":2,"minecraft:spruce_slab":1,"minecraft:stone_pickaxe":1,"minecraft:arrow":3,"minecraft:wooden_pickaxe":2,"minecraft:beef":2,"minecraft:white_wool":1,"minecraft:cyan_bed":1,"minecraft:mangrove_slab":2},"minecraft:custom":{"minecraft:mob_kills":20,"minecraft:interact_with_crafting_table":10,"minecraft:open_barrel":4,"minecraft:leave_game":2,"minecraft:time_since_death":20035,"minecraft:sleep_in_bed":4,"minecraft:climb_one_cm":2965,"minecraft:time_since_rest":981,"minecraft:walk_one_cm":174916,"minecraft:sprint_one_cm":229213,"minecraft:damage_taken":3036,"minecraft:drop":39,"minecraft:damage_dealt":3773,"minecraft:play_noteblock":4,"minecraft:talked_to_villager":2,"minecraft:swim_one_cm":1688,"minecraft:fly_one_cm":389904,"minecraft:player_kills":1,"minecraft:open_chest":19,"minecraft:crouch_one_cm":3226,"minecraft:play_time":71004,"minecraft:deaths":5,"minecraft:sneak_time":1225,"minecraft:walk_under_water_one_cm":1438,"minecraft:jump":1812,"minecraft:walk_on_water_one_cm":7844,"minecraft:total_world_time":71004,"minecraft:fall_one_cm":48466},"minecraft:used":{"minecraft:stone_pickaxe":121,"minecraft:oak_planks":17,"minecraft:wooden_pickaxe":37,"minecraft:spruce_sign":2,"minecraft:cooked_chicken":1,"minecraft:sand":5,"minecraft:dirt":36,"farmersdelight:flint_knife":122,"minecraft:crafting_table":5,"minecraft:lime_bed":1,"minecraft:red_bed":4,"minecraft:spruce_boat":1,"minecraft:wooden_axe":17,"easy_villagers:villager":7,"minecraft:flower_pot":2,"minecraft:cornflower":1,"minecraft:lantern":1,"minecraft:oak_stairs":1,"minecraft:bread":34,"minecraft:lilac":1,"quark:oak_chest":1,"minecraft:yellow_bed":1,"minecraft:sea_pickle":2},"minecraft:killed":{"minecraft:spider":3,"minecraft:skeleton":1,"minecraft:zombie":10,"minecraft:cow":6},"minecraft:mined":{"minecraft:red_bed":4,"minecraft:crafting_table":2,"minecraft:note_block":3,"minecraft:grass_block":2,"minecraft:spruce_leaves":5,"minecraft:cyan_bed":1,"minecraft:oak_planks":1,"minecraft:spruce_stairs":2,"minecraft:hay_block":23,"minecraft:lime_bed":1,"farmersdelight:wild_rice":1,"minecraft:fire":8,"minecraft:lilac":1,"minecraft:spruce_log":8,"minecraft:jukebox":1,"minecraft:yellow_bed":1,"minecraft:grass":8,"minecraft:mangrove_slab":2,"minecraft:bookshelf":9,"minecraft:oak_log":27,"minecraft:oak_stairs":1,"minecraft:sand":5,"minecraft:dirt":1,"minecraft:stone":157,"minecraft:potted_cornflower":1,"betterarcheology:loot_vase":1,"minecraft:oak_leaves":2,"minecraft:spruce_slab":1}},"DataVersion":3465}