{"stats":{"minecraft:killed_by":{"minecraft:player":1,"minecraft:creeper":1,"iceandfire:fire_dragon":1},"minecraft:crafted":{"minecraft:oak_planks":108,"minecraft:stone_shovel":1,"minecraft:stone_pickaxe":2,"minecraft:spruce_boat":1,"minecraft:wheat":180,"minecraft:crafting_table":3,"minecraft:spruce_planks":32,"minecraft:wooden_pickaxe":1,"minecraft:stone_axe":1,"minecraft:bread":62,"minecraft:stick":28,"quark:oak_chest":1,"minecraft:wooden_axe":1,"minecraft:stone_sword":1},"minecraft:picked_up":{"minecraft:crafting_table":3,"minecraft:wheat":24,"minecraft:flower_pot":3,"minecraft:wooden_pickaxe":1,"minecraft:oak_stairs":1,"minecraft:cornflower":1,"minecraft:red_bed":4,"minecraft:string":9,"minecraft:sea_pickle":2,"minecraft:gold_nugget":2,"minecraft:spruce_planks":68,"minecraft:beef":30,"farmersdelight:straw":1,"minecraft:spruce_slab":1,"minecraft:chest":1,"minecraft:sugar_cane":20,"minecraft:birch_sapling":1,"minecraft:spruce_trapdoor":13,"minecraft:stick":30,"minecraft:raw_iron":16,"minecraft:jukebox":1,"minecraft:oak_fence":1,"minecraft:spruce_stairs":4,"minecraft:note_block":21,"minecraft:mangrove_sign":2,"quark:ancient_tome":5,"easy_villagers:villager":38,"minecraft:arrow":3,"minecraft:rotten_flesh":8,"minecraft:hay_block":41,"minecraft:gold_ingot":2,"minecraft:white_wool":2,"minecraft:cobblestone":158,"minecraft:oxeye_daisy":1,"minecraft:lime_bed":1,"minecraft:lilac":1,"farmersdelight:rice":1,"minecraft:leather":22,"minecraft:potato":48,"minecraft:stripped_spruce_wood":2,"minecraft:oak_log":76,"minecraft:yellow_bed":2,"farmersdelight:flint_knife":5,"minecraft:mangrove_slab":2,"minecraft:dirt":89,"minecraft:lantern":3,"minecraft:bone":96,"minecraft:apple":60,"minecraft:wheat_seeds":4,"minecraft:iron_ingot":4,"minecraft:cooked_chicken":2,"minecraft:cyan_candle":3,"minecraft:oak_planks":3,"minecraft:book":180,"minecraft:dandelion":2,"minecraft:raw_iron_block":4,"minecraft:sand":5,"minecraft:spruce_log":8,"minecraft:cyan_bed":1,"minecraft:barrel":1,"minecraft:spider_eye":3,"minecraft:spruce_boat":1,"minecraft:iron_helmet":4,"minecraft:spruce_sign":13,"minecraft:bread":22,"minecraft:light_gray_carpet":13,"minecraft:oak_sapling":45},"minecraft:dropped":{"minecraft:bread":12,"minecraft:wheat_seeds":2,"minecraft:oak_log":22,"minecraft:oak_fence":1,"minecraft:spruce_stairs":2,"farmersdelight:rice":1,"minecraft:stick":10,"minecraft:dirt":29,"minecraft:wooden_axe":1,"minecraft:mangrove_slab":2,"minecraft:white_wool":1,"minecraft:birch_sapling":1,"minecraft:rotten_flesh":7,"minecraft:mangrove_sign":2,"farmersdelight:flint_knife":2,"minecraft:oak_sapling":7,"easy_villagers:villager":2,"minecraft:spruce_slab":1,"minecraft:arrow":3,"minecraft:beef":2,"minecraft:stone_pickaxe":1,"minecraft:wooden_pickaxe":2,"minecraft:cyan_bed":1},"minecraft:custom":{"minecraft:mob_kills":20,"minecraft:interact_with_crafting_table":12,"minecraft:open_barrel":29,"minecraft:leave_game":2,"minecraft:time_since_death":32035,"minecraft:climb_one_cm":3559,"minecraft:sprint_one_cm":268101,"minecraft:walk_one_cm":214665,"minecraft:drop":40,"minecraft:play_noteblock":4,"minecraft:talked_to_villager":2,"minecraft:play_time":83004,"minecraft:deaths":5,"minecraft:sneak_time":1571,"minecraft:walk_under_water_one_cm":1652,"minecraft:jump":2008,"minecraft:walk_on_water_one_cm":8094,"minecraft:total_world_time":83004,"minecraft:sleep_in_bed":4,"minecraft:time_since_rest":12981,"minecraft:damage_taken":3036,"minecraft:damage_dealt":3773,"minecraft:swim_one_cm":8849,"minecraft:fly_one_cm":440860,"minecraft:player_kills":1,"minecraft:open_chest":47,"minecraft:crouch_one_cm":3946,"minecraft:fall_one_cm":54761},"minecraft:used":{"minecraft:stone_sword":16,"minecraft:stone_shovel":28,"minecraft:light_gray_carpet":13,"minecraft:chest":1,"minecraft:cooked_chicken":1,"minecraft:dirt":36,"farmersdelight:flint_knife":122,"minecraft:spruce_boat":1,"minecraft:wooden_axe":17,"minecraft:oak_stairs":1,"minecraft:lantern":3,"minecraft:barrel":1,"minecraft:stone_pickaxe":142,"minecraft:oak_planks":17,"minecraft:wooden_pickaxe":37,"minecraft:spruce_sign":10,"minecraft:sand":5,"minecraft:lime_bed":1,"minecraft:crafting_table":6,"minecraft:red_bed":4,"minecraft:flower_pot":2,"easy_villagers:villager":7,"minecraft:cornflower":1,"minecraft:bread":36,"minecraft:lilac":1,"minecraft:stone_axe":56,"minecraft:yellow_bed":1,"quark:oak_chest":1,"minecraft:sea_pickle":2,"minecraft:dandelion":2},"minecraft:killed":{"minecraft:spider":3,"minecraft:skeleton":1,"minecraft:zombie":10,"minecraft:cow":6},"minecraft:mined":{"minecraft:spruce_trapdoor":13,"minecraft:grass_block":34,"minecraft:spruce_leaves":5,"minecraft:hay_block":23,"minecraft:raw_iron_block":4,"farmersdelight:wild_rice":1,"minecraft:iron_ore":16,"minecraft:barrel":1,"minecraft:fire":8,"minecraft:bookshelf":9,"minecraft:vine":26,"minecraft:oak_stairs":1,"minecraft:potted_cornflower":1,"betterarcheology:loot_vase":1,"minecraft:stone":158,"minecraft:spruce_slab":1,"minecraft:light_gray_carpet":13,"minecraft:red_bed":4,"quark:oak_chest":1,"minecraft:crafting_table":3,"minecraft:note_block":3,"minecraft:chest":1,"minecraft:spruce_wall_sign":2,"minecraft:potted_oxeye_daisy":1,"minecraft:cyan_bed":1,"minecraft:oak_planks":1,"minecraft:spruce_stairs":4,"minecraft:lime_bed":1,"minecraft:stripped_spruce_wood":2,"minecraft:lilac":1,"minecraft:spruce_log":8,"minecraft:jukebox":1,"minecraft:yellow_bed":2,"minecraft:grass":8,"minecraft:mangrove_slab":2,"minecraft:oak_log":50,"minecraft:dirt":2,"minecraft:sand":5,"minecraft:oak_leaves":5,"minecraft:cyan_candle":1}},"DataVersion":3465}