{"stats":{"minecraft:broken":{"minecraft:stone_pickaxe":3,"minecraft:stone_axe":1},"minecraft:custom":{"minecraft:mob_kills":43,"minecraft:interact_with_crafting_table":24,"minecraft:open_barrel":40,"minecraft:leave_game":3,"minecraft:time_since_death":11299,"minecraft:climb_one_cm":3813,"minecraft:sprint_one_cm":513013,"minecraft:walk_one_cm":478961,"minecraft:drop":53,"minecraft:play_noteblock":4,"minecraft:talked_to_villager":2,"minecraft:play_time":160663,"minecraft:deaths":7,"minecraft:sneak_time":5454,"minecraft:walk_under_water_one_cm":4825,"minecraft:jump":3210,"minecraft:walk_on_water_one_cm":12233,"minecraft:total_world_time":160663,"minecraft:interact_with_furnace":59,"minecraft:sleep_in_bed":7,"minecraft:time_since_rest":11004,"minecraft:damage_taken":4785,"minecraft:damage_dealt":8666,"minecraft:swim_one_cm":10314,"minecraft:fly_one_cm":648069,"minecraft:player_kills":2,"minecraft:open_chest":114,"minecraft:crouch_one_cm":18113,"minecraft:fall_one_cm":80337},"minecraft:crafted":{"minecraft:oak_planks":204,"minecraft:raw_iron":36,"minecraft:stone_shovel":1,"minecraft:furnace":6,"minecraft:iron_axe":1,"minecraft:stone_pickaxe":5,"minecraft:spruce_boat":1,"minecraft:wheat":261,"minecraft:cooked_beef":14,"minecraft:crafting_table":6,"minecraft:spruce_planks":44,"minecraft:baked_potato":3,"minecraft:wooden_pickaxe":1,"minecraft:iron_sword":1,"minecraft:copper_ingot":29,"minecraft:stone_axe":2,"minecraft:bread":89,"minecraft:air":0,"minecraft:shield":1,"minecraft:iron_pickaxe":1,"minecraft:stick":32,"quark:oak_chest":3,"minecraft:iron_ingot":43,"minecraft:wooden_axe":1,"minecraft:stone_sword":1},"minecraft:killed":{"minecraft:spider":6,"minecraft:skeleton":2,"minecraft:creeper":7,"minecraft:zombie":20,"minecraft:cow":8},"minecraft:picked_up":{"minecraft:charcoal":3,"minecraft:crafting_table":4,"minecraft:allium":1,"minecraft:wheat":24,"minecraft:flower_pot":5,"minecraft:wooden_pickaxe":1,"minecraft:oak_stairs":1,"minecraft:raw_copper":319,"minecraft:moss_carpet":6,"minecraft:cornflower":1,"minecraft:red_bed":4,"minecraft:string":13,"minecraft:sea_pickle":4,"minecraft:gold_nugget":2,"minecraft:spruce_planks":68,"minecraft:beef":34,"farmersdelight:straw":1,"minecraft:spruce_slab":1,"minecraft:birch_sapling":9,"minecraft:sugar_cane":20,"minecraft:chest":1,"minecraft:spruce_trapdoor":17,"minecraft:furnace":1,"minecraft:stick":67,"minecraft:raw_iron":76,"minecraft:jukebox":1,"minecraft:oak_fence":1,"minecraft:spruce_stairs":4,"minecraft:note_block":21,"minecraft:mangrove_sign":2,"minecraft:carrot":1,"quark:ancient_tome":5,"easy_villagers:villager":38,"minecraft:rotten_flesh":17,"minecraft:arrow":4,"minecraft:light_gray_bed":2,"minecraft:hay_block":50,"minecraft:gold_ingot":2,"minecraft:cobblestone":341,"minecraft:white_wool":2,"minecraft:oxeye_daisy":2,"minecraft:lime_bed":1,"minecraft:lilac":1,"farmersdelight:rice":1,"minecraft:andesite":3,"minecraft:leather":26,"minecraft:potato":48,"minecraft:stripped_spruce_wood":3,"minecraft:oak_log":227,"minecraft:yellow_bed":2,"minecraft:gunpowder":11,"farmersdelight:flint_knife":5,"minecraft:mangrove_slab":2,"minecraft:dirt":103,"minecraft:lantern":6,"minecraft:bone":98,"minecraft:apple":63,"minecraft:bow":1,"minecraft:wheat_seeds":5,"minecraft:iron_ingot":4,"minecraft:cooked_chicken":2,"minecraft:cyan_candle":3,"minecraft:oak_planks":3,"minecraft:book":180,"minecraft:dandelion":2,"minecraft:raw_iron_block":4,"minecraft:sand":5,"minecraft:spruce_log":8,"minecraft:cyan_bed":1,"minecraft:barrel":7,"minecraft:spider_eye":3,"minecraft:spruce_boat":1,"minecraft:iron_helmet":4,"minecraft:granite":3,"minecraft:emerald":1,"minecraft:spruce_sign":14,"minecraft:bread":22,"minecraft:oak_sapling":121,"minecraft:light_gray_carpet":13,"minecraft:coal":93,"iceandfire:raw_silver":9},"minecraft:used":{"minecraft:stone_sword":87,"minecraft:stone_shovel":28,"minecraft:light_gray_carpet":13,"minecraft:chest":1,"minecraft:cooked_chicken":1,"minecraft:dirt":42,"farmersdelight:flint_knife":122,"minecraft:granite":3,"minecraft:spruce_boat":1,"minecraft:wooden_axe":17,"minecraft:lantern":3,"minecraft:oak_stairs":1,"minecraft:barrel":1,"minecraft:furnace":6,"minecraft:light_gray_bed":2,"minecraft:stone_pickaxe":587,"minecraft:oak_planks":17,"minecraft:wooden_pickaxe":37,"minecraft:spruce_sign":10,"minecraft:sand":5,"minecraft:crafting_table":10,"minecraft:lime_bed":1,"minecraft:red_bed":4,"minecraft:flower_pot":2,"easy_villagers:villager":7,"minecraft:cornflower":1,"minecraft:bread":74,"minecraft:spruce_trapdoor":3,"minecraft:lilac":1,"minecraft:stone_axe":238,"minecraft:cobblestone":154,"minecraft:andesite":3,"quark:oak_chest":1,"minecraft:yellow_bed":1,"minecraft:sea_pickle":2,"minecraft:dandelion":2},"minecraft:dropped":{"minecraft:bread":12,"minecraft:wheat_seeds":3,"minecraft:cooked_beef":14,"minecraft:oak_log":66,"minecraft:baked_potato":3,"minecraft:oak_fence":1,"minecraft:cobblestone":47,"minecraft:spruce_stairs":2,"farmersdelight:rice":1,"minecraft:stick":32,"minecraft:dirt":29,"minecraft:wooden_axe":1,"gravestone:obituary":2,"minecraft:white_wool":1,"minecraft:mangrove_slab":2,"minecraft:birch_sapling":2,"minecraft:rotten_flesh":8,"minecraft:mangrove_sign":2,"farmersdelight:flint_knife":2,"minecraft:charcoal":2,"minecraft:oak_sapling":9,"easy_villagers:villager":2,"minecraft:spruce_slab":1,"minecraft:wooden_pickaxe":2,"minecraft:arrow":3,"minecraft:beef":2,"minecraft:stone_pickaxe":1,"minecraft:cyan_bed":1},"minecraft:killed_by":{"minecraft:player":1,"minecraft:creeper":1,"minecraft:skeleton":2,"iceandfire:fire_dragon":1},"minecraft:mined":{"iceandfire:silver_ore":9,"farmersdelight:wild_carrots":1,"minecraft:glow_lichen":1,"minecraft:granite":3,"gravestone:gravestone":2,"minecraft:spruce_trapdoor":17,"minecraft:grass_block":36,"minecraft:light_gray_bed":2,"minecraft:spruce_leaves":5,"minecraft:hay_block":32,"minecraft:raw_iron_block":4,"minecraft:furnace":1,"farmersdelight:wild_rice":1,"minecraft:iron_ore":75,"minecraft:fire":8,"minecraft:barrel":7,"minecraft:andesite":3,"minecraft:bookshelf":9,"minecraft:vine":75,"minecraft:oak_stairs":1,"minecraft:potted_cornflower":1,"betterarcheology:loot_vase":1,"minecraft:stone":322,"minecraft:spruce_slab":1,"minecraft:potted_allium":1,"minecraft:light_gray_carpet":13,"minecraft:red_bed":4,"quark:oak_chest":1,"minecraft:crafting_table":4,"minecraft:note_block":3,"minecraft:chest":1,"minecraft:campfire":1,"minecraft:spruce_wall_sign":2,"minecraft:potted_oxeye_daisy":2,"minecraft:copper_ore":92,"minecraft:cobblestone":20,"minecraft:cyan_bed":1,"minecraft:oak_planks":1,"minecraft:spruce_stairs":4,"minecraft:lime_bed":1,"minecraft:stripped_spruce_wood":3,"minecraft:lilac":1,"minecraft:spruce_log":8,"minecraft:jukebox":1,"minecraft:birch_leaves":9,"minecraft:yellow_bed":2,"minecraft:grass":15,"minecraft:mangrove_slab":2,"minecraft:coal_ore":93,"minecraft:oak_log":176,"minecraft:sand":5,"minecraft:dirt":7,"minecraft:oak_leaves":59,"minecraft:cyan_candle":1}},"DataVersion":3465}