{"stats":{"minecraft:crafted":{"minecraft:crafting_table":2,"minecraft:spruce_planks":32,"minecraft:stick":4,"minecraft:spruce_boat":1,"minecraft:bread":39,"minecraft:wheat":117},"minecraft:picked_up":{"minecraft:lime_bed":1,"minecraft:lilac":1,"minecraft:jukebox":1,"minecraft:flower_pot":2,"minecraft:spruce_stairs":2,"minecraft:potato":8,"minecraft:note_block":6,"minecraft:mangrove_sign":2,"minecraft:spruce_log":8,"minecraft:cyan_bed":1,"minecraft:cornflower":1,"minecraft:mangrove_slab":2,"minecraft:dirt":2,"minecraft:lantern":1,"easy_villagers:villager":6,"minecraft:sea_pickle":2,"minecraft:spruce_boat":1,"minecraft:spruce_planks":17,"minecraft:hay_block":13,"minecraft:spruce_sign":2},"minecraft:dropped":{"easy_villagers:villager":2,"minecraft:mangrove_slab":2,"minecraft:mangrove_sign":2,"minecraft:spruce_stairs":2,"minecraft:cyan_bed":1},"minecraft:custom":{"minecraft:time_since_rest":1345,"minecraft:damage_taken":813,"minecraft:sprint_one_cm":96817,"minecraft:walk_one_cm":52872,"minecraft:drop":9,"minecraft:damage_dealt":165,"minecraft:play_noteblock":4,"minecraft:interact_with_crafting_table":2,"minecraft:swim_one_cm":342,"minecraft:talked_to_villager":1,"minecraft:fly_one_cm":142453,"minecraft:open_barrel":4,"minecraft:open_chest":2,"minecraft:crouch_one_cm":1703,"minecraft:play_time":30278,"minecraft:deaths":1,"minecraft:sneak_time":759,"minecraft:walk_under_water_one_cm":1095,"minecraft:jump":661,"minecraft:leave_game":2,"minecraft:time_since_death":1057,"minecraft:walk_on_water_one_cm":4500,"minecraft:sleep_in_bed":1,"minecraft:total_world_time":30278,"minecraft:climb_one_cm":2151,"minecraft:fall_one_cm":20516},"minecraft:used":{"minecraft:spruce_boat":1,"minecraft:flower_pot":2,"easy_villagers:villager":7,"minecraft:cornflower":1,"minecraft:lantern":1,"minecraft:bread":7,"minecraft:lilac":1,"minecraft:spruce_sign":2,"minecraft:dirt":2,"minecraft:lime_bed":1,"minecraft:crafting_table":2,"minecraft:sea_pickle":2},"minecraft:mined":{"minecraft:hay_block":13,"minecraft:spruce_stairs":2,"minecraft:lime_bed":1,"minecraft:lilac":1,"minecraft:spruce_log":8,"minecraft:jukebox":1,"minecraft:note_block":3,"minecraft:mangrove_slab":2,"minecraft:grass_block":1,"minecraft:dirt":1,"minecraft:potted_cornflower":1,"betterarcheology:loot_vase":1,"minecraft:spruce_leaves":5,"minecraft:cyan_bed":1,"minecraft:spruce_slab":1}},"DataVersion":3465}