{"stats":{"minecraft:killed_by":{"minecraft:skeleton":1},"minecraft:crafted":{"minecraft:spruce_planks":32},"minecraft:picked_up":{"minecraft:sand":6,"minecraft:spruce_log":8,"minecraft:sugar_cane":2},"minecraft:dropped":{"minecraft:iron_ingot":1},"minecraft:custom":{"minecraft:open_chest":2,"minecraft:time_since_rest":15885,"minecraft:crouch_one_cm":1177,"minecraft:sprint_one_cm":31209,"minecraft:play_time":67582,"minecraft:damage_taken":375,"minecraft:deaths":1,"minecraft:walk_one_cm":42629,"minecraft:sneak_time":356,"minecraft:walk_under_water_one_cm":1270,"minecraft:drop":1,"minecraft:jump":283,"minecraft:damage_dealt":10,"minecraft:leave_game":7,"minecraft:time_since_death":15689,"minecraft:walk_on_water_one_cm":2870,"minecraft:total_world_time":67582,"minecraft:swim_one_cm":1056,"minecraft:interact_with_crafting_table":3,"minecraft:fall_one_cm":4209,"minecraft:fly_one_cm":61687},"minecraft:used":{"minecraft:spruce_leaves":1,"minecraft:sand":6},"minecraft:mined":{"minecraft:large_fern":1,"minecraft:sand":6,"minecraft:ice":1,"minecraft:spruce_leaves":2,"minecraft:spruce_log":8}},"DataVersion":3465}