{
  "iceandfire:iceandfire/root": {
    "criteria": {
      "tick": "2024-09-14 01:35:52 +0000"
    },
    "done": true
  },
  "dungeons_arise:wda_root": {
    "criteria": {
      "WDA": "2024-09-14 01:35:52 +0000"
    },
    "done": true
  },
  "eeeabsmobs:eeeabsmobs/root": {
    "criteria": {
      "requirement": "2024-09-14 01:35:52 +0000"
    },
    "done": true
  },
  "cataclysm:root": {
    "criteria": {
      "custom_test_name": "2024-09-14 01:35:52 +0000"
    },
    "done": true
  },
  "incendium:technical/new_player": {
    "criteria": {
      "requirement": "2024-09-14 01:35:52 +0000"
    },
    "done": true
  },
  "incendium:technical/using/trailblazer": {
    "criteria": {
      "log_spam_fixer": "2024-09-14 01:35:53 +0000"
    },
    "done": false
  },
  "incendium:technical/scroll_of_returning": {
    "criteria": {
      "log_spam_fixer": "2024-09-14 01:35:53 +0000"
    },
    "done": false
  },
  "minecraft:adventure/adventuring_time": {
    "criteria": {
      "minecraft:old_growth_pine_taiga": "2024-09-14 01:46:02 +0000",
      "minecraft:taiga": "2024-09-14 01:35:53 +0000",
      "minecraft:frozen_river": "2024-09-14 01:40:27 +0000",
      "minecraft:beach": "2024-09-14 01:48:55 +0000",
      "minecraft:river": "2024-09-14 01:48:43 +0000",
      "minecraft:snowy_plains": "2024-09-14 01:40:25 +0000",
      "minecraft:snowy_taiga": "2024-09-14 01:39:56 +0000",
      "minecraft:swamp": "2024-09-14 01:45:58 +0000",
      "minecraft:cold_ocean": "2024-09-14 01:49:01 +0000",
      "minecraft:forest": "2024-09-14 01:50:38 +0000",
      "minecraft:deep_cold_ocean": "2024-09-14 01:49:28 +0000",
      "minecraft:windswept_forest": "2024-09-14 01:44:53 +0000",
      "minecraft:old_growth_spruce_taiga": "2024-09-14 01:46:59 +0000",
      "minecraft:plains": "2024-09-14 02:09:42 +0000"
    },
    "done": false
  },
  "incendium:technical/using/ragnarok": {
    "criteria": {
      "log_spam_fixer": "2024-09-14 01:35:53 +0000"
    },
    "done": false
  },
  "incendium:technical/using/shield": {
    "criteria": {
      "log_spam_fixer": "2024-09-14 01:35:53 +0000"
    },
    "done": false
  },
  "farmersdelight:main/root": {
    "criteria": {
      "seeds": "2024-09-14 01:37:16 +0000"
    },
    "done": true
  },
  "minecraft:husbandry/balanced_diet": {
    "criteria": {
      "bread": "2024-09-14 01:44:16 +0000",
      "cooked_chicken": "2024-09-14 02:16:41 +0000"
    },
    "done": false
  },
  "minecraft:husbandry/root": {
    "criteria": {
      "consumed_item": "2024-09-14 01:44:16 +0000"
    },
    "done": true
  },
  "dungeons_arise:find_abandoned_temple": {
    "criteria": {
      "location0": "2024-09-14 01:44:41 +0000"
    },
    "done": true
  },
  "minecraft:story/root": {
    "criteria": {
      "crafting_table": "2024-09-14 01:48:32 +0000"
    },
    "done": true
  },
  "betterarcheology:loot_vase_broken": {
    "criteria": {
      "criteria": "2024-09-14 01:50:33 +0000"
    },
    "done": true
  },
  "dungeons_arise:find_greenwood_pub": {
    "criteria": {
      "location0": "2024-09-14 01:50:52 +0000"
    },
    "done": true
  },
  "minecraft:adventure/sleep_in_bed": {
    "criteria": {
      "slept_in_bed": "2024-09-14 01:53:32 +0000"
    },
    "done": true
  },
  "farmersdelight:main/harvest_straw": {
    "criteria": {
      "harvest_straw": "2024-09-14 02:23:29 +0000"
    },
    "done": true
  },
  "minecraft:adventure/root": {
    "criteria": {
      "killed_by_something": "2024-09-14 02:15:50 +0000"
    },
    "done": true
  },
  "minecraft:adventure/kill_all_mobs": {
    "criteria": {
      "minecraft:skeleton": "2024-09-14 02:18:53 +0000",
      "minecraft:spider": "2024-09-14 02:21:55 +0000",
      "minecraft:zombie": "2024-09-14 02:19:39 +0000"
    },
    "done": false
  },
  "minecraft:adventure/kill_a_mob": {
    "criteria": {
      "minecraft:skeleton": "2024-09-14 02:18:53 +0000"
    },
    "done": true
  },
  "farmersdelight:main/craft_knife": {
    "criteria": {
      "flint_knife": "2024-09-14 02:12:05 +0000"
    },
    "done": true
  },
  "farmersdelight:main/get_fd_seed": {
    "criteria": {
      "rice": "2024-09-14 02:30:31 +0000"
    },
    "done": true
  },
  "minecraft:story/smelt_iron": {
    "criteria": {
      "iron": "2024-09-14 02:29:49 +0000"
    },
    "done": true
  },
  "DataVersion": 3465
}